Cereal Name,Manufacturer,Calories,Protein (g)
Rep. A. Dutch Ruppersberger,2,6.067137213,12.50259323
Rep. Aaron Schock,7,-27.90432279,-9.225039586
Rep. Abby Finkenauer,5,9.239259431,-2.170848003
Rep. Abigail Spanberger,5,9.707101952,-1.641524438
Rep. Adam Kinzinger,1,4.48495512,-11.03406501
Rep. Adam Schiff,2,4.915104667,11.91965107
Rep. Adam Smith,2,4.08256083,11.0180348
Rep. Adrian Smith,1,3.76660972,-11.11345182
Rep. Adriano Espaillat,2,8.426532941,7.070531613
Rep. Al Green,2,4.762660335,11.73728034
Rep. Al Lawson Jr.,2,9.813486587,8.146426818
Rep. Alan Grayson,3,4.632432309,17.65259327
Rep. Alan Lowenthal,2,7.522372669,11.15767412
Rep. Alan Nunnelee,7,-33.03873918,-6.798356654
Rep. Albio Sires,2,5.590807068,12.24445026
Rep. Alcee Hastings,2,4.343665245,12.61278974
Rep. Alexander Mooney,6,21.07257431,-14.56133089
Rep. Alexandria Ocasio-Cortez,5,7.456445325,-5.207968338
Rep. Allen West,7,-38.98077432,-9.568676026
Rep. Allyson Schwartz,4,-21.37810752,17.26562218
Rep. Alma Adams,2,13.14445833,10.11917796
Rep. Ami Bera,2,8.268847085,13.2828726
Rep. Ander Crenshaw,0,-5.082806925,-13.57202287
Rep. André Carson,2,5.067078006,12.03572975
Rep. Andy Biggs,6,19.41305742,-13.28043321
Rep. Andy Harris,1,4.205497949,-12.59205484
Rep. Andy Kim,5,8.675999645,-3.671853707
Rep. Andy Levin,5,8.513980777,-3.72741955
Rep. Angie Craig,5,9.11956038,-2.929312923
Rep. Ann Kirkpatrick,2,7.030916578,8.442038436
Rep. Ann Kuster,2,8.17670571,12.50981823
Rep. Ann Marie Buerkle,7,-39.24039924,-10.21894357
Rep. Ann Wagner,1,8.427755978,-10.97494979
Rep. Anna Eshoo,2,4.808805231,11.32388531
Rep. Anthony Brindisi,5,10.15836312,-1.641309314
Rep. Anthony Brown,2,8.867413512,7.850032792
Rep. Anthony Gonzalez,2,9.75354503,18.27377766
Rep. Antonio Delgado,5,8.80983161,-3.037068607
Rep. Austin Scott,1,3.662188502,-11.36029764
Rep. Ayanna Pressley,5,8.210539595,-4.45576225
Rep. Barbara Comstock,6,23.1986313,-19.70686305
Rep. Barbara Lee,2,4.864701256,10.80618957
Rep. Barney Frank,4,-25.18191141,15.17252943
Rep. Barry Loudermilk,6,21.745299,-14.34472283
Rep. Ben Chandler,4,-27.70749752,10.71640279
Rep. Ben Cline,2,10.99465752,19.46115788
Rep. Ben Luján,2,5.05255698,11.99105081
Rep. Ben McAdams,5,9.185604208,-0.913872747
Rep. Ben Quayle,7,-39.57062706,-9.803930443
Rep. Bennie Thompson,2,4.462469488,11.64408629
Rep. Beto O’Rourke,3,7.248460001,19.24202429
Rep. Betty McCollum,2,4.548888548,11.77282159
Rep. Betty Sutton,4,-25.79693611,14.68009863
Rep. Bill Cassidy,7,-34.00814523,-7.141716746
Rep. Bill Flores,1,4.38972252,-11.67517571
Rep. Bill Foster,2,7.918462018,12.15946455
Rep. Bill Huizenga,1,3.560375448,-11.32380999
Rep. Bill Johnson,1,4.135448988,-10.78073636
Rep. Bill Pascrell Jr.,2,5.489679349,11.81031105
Rep. Bill Posey,1,3.413289993,-11.68375413
Rep. Bill Shuster,1,2.982980449,-14.70241055
Rep. Billy Long,1,3.102137259,-10.81081975
Rep. Blaine Luetkemeyer,1,4.179393718,-10.59967591
Rep. Blake Farenthold,1,1.449556524,-15.91756697
Rep. Bob Dold,1,9.823181042,-20.09810394
Rep. Bob Filner,4,-24.42981438,14.31859374
Rep. Bob Gibbs,1,4.172017336,-11.29051083
Rep. Bob Goodlatte,1,3.225820451,-15.3367168
Rep. Bobby Rush,2,6.386676191,9.534740585
Rep. Bonnie Watson Coleman,2,13.30160551,9.579406459
Rep. Brad Ashford,3,28.08299423,16.5903636
Rep. Brad Sherman,2,4.694274313,12.30314077
Rep. Brad Wenstrup,1,8.638496139,-11.86383114
Rep. Bradley “Brad” Miller,4,-26.3905285,14.68073005
Rep. Bradley “Brad” Schneider,2,3.267738557,9.101062763
Rep. Bradley Byrne,6,15.43071006,-12.70457262
Rep. Brenda Jones,2,2.156155005,12.81538093
Rep. Brenda Lawrence,2,14.1258168,10.25850969
Rep. Brendan Boyle,2,13.8668619,10.35036062
Rep. Brett Guthrie,1,3.825759173,-10.84673915
Rep. Brian Babin,6,21.50555668,-14.2719566
Rep. Brian Bilbray,7,-39.45387306,-10.29027968
Rep. Brian Fitzpatrick,6,16.56545713,-5.567038621
Rep. Brian Higgins,2,5.316674533,12.20214324
Rep. Brian Mast,6,16.80873615,-7.927078508
Rep. Bruce Braley,4,-21.29036057,16.46799626
Rep. Bruce Poliquin,6,22.95000835,-19.21685081
Rep. Bruce Westerman,6,20.86262355,-13.44967673
Rep. Bryan Steil,2,9.663923819,17.84073162
Rep. Candice Miller,0,-6.124560626,-13.56163648
Rep. Carlos Curbelo,6,23.12252634,-20.83589794
Rep. Carol Miller,2,11.14178573,19.03234195
Rep. Carol Shea-Porter,3,-3.56501574,21.39594299
Rep. Carolyn Maloney,2,5.336571707,11.93068435
Rep. Carolyn McCarthy,4,-22.51255692,16.73370816
Rep. Cathy Rodgers,1,4.246474086,-11.17960182
Rep. Cedric Richmond,2,5.265445409,11.71736648
Rep. Chaka Fattah,3,-5.943380429,16.24499924
Rep. Charles “Charlie” Bass,7,-39.78791034,-11.23001237
Rep. Charles “Charlie” Gonzalez,4,-25.66500683,14.45567022
Rep. Charles “Charlie” Rangel,3,0.7931672777,17.36278702
Rep. Charles “Chuck” Fleischmann,1,4.265565491,-11.23578395
Rep. Charles Boustany Jr.,0,-5.283249913,-14.00083752
Rep. Charles Dent,1,2.132606639,-15.0703633
Rep. Charlie Crist,2,9.858102927,7.100468322
Rep. Chellie Pingree,2,5.383755731,11.99151812
Rep. Cheri Bustos,2,7.738020423,12.73421566
Rep. Chip Cravaack,7,-38.18939469,-9.491822284
Rep. Chip Roy,2,14.76807421,22.09084504
Rep. Chris Collins,1,8.12182024,-13.38185552
Rep. Chris Jacobs,2,14.18000204,24.0409756
Rep. Chris Pappas,5,8.708683696,-3.550414758
Rep. Chris Stewart,1,8.734160263,-11.60927449
Rep. Chris Van Hollen,3,0.183380561,17.97216144
Rep. Chrissy Houlahan,5,9.072898255,-3.126551645
Rep. Christopher “Chris” Smith,1,4.235120413,-10.86842605
Rep. Christopher Gibson,0,-5.45057455,-14.98142255
Rep. Christopher Murphy,4,-25.2195859,11.60243274
Rep. Claudia Tenney,6,18.80141468,-16.01619731
Rep. Clay Higgins,6,16.75033674,-9.183858463
Rep. Clifford “Cliff” Stearns,7,-38.87166319,-9.486613579
Rep. Colin Allred,5,8.851910326,-4.023334782
Rep. Colleen Hanabusa,3,-5.820112088,19.9275592
Rep. Collin Peterson,2,6.503331311,10.45497035
Rep. Connie Mack IV,7,-40.84241,-15.4864082
Rep. Conor Lamb,5,9.674111039,1.257487091
Rep. Corrine Brown,3,-0.722084305,17.29857455
Rep. Cory Gardner,7,-33.31026528,-6.110615137
Rep. Cresent Hardy,6,27.88628129,-22.34854222
Rep. Curtis “Curt” Clawson,6,18.78739345,-21.97704253
Rep. Cynthia Axne,5,9.159887148,-2.22974271
Rep. Cynthia Lummis,0,-6.180638885,-15.9356383
Rep. Dale Kildee,4,-27.87449508,14.9668608
Rep. Dan Benishek,0,-4.925104369,-14.04913718
Rep. Dan Bishop,2,8.584628604,23.11243831
Rep. Dan Boren,7,-33.48080774,1.106384106
Rep. Dan Burton,7,-37.6430749,-10.38533271
Rep. Dan Crenshaw,2,10.65564696,18.43637831
Rep. Dan Newhouse,6,20.80475453,-13.04799103
Rep. Dana Rohrabacher,1,4.363676748,-20.00033228
Rep. Daniel Donovan Jr.,6,22.46825863,-18.91983627
Rep. Daniel Kildee,2,7.537669442,11.47285211
Rep. Daniel Lipinski,2,5.711149988,12.52367863
Rep. Daniel Lungren,7,-38.31103926,-8.238459981
Rep. Daniel Maffei,4,-19.89024971,15.3482345
Rep. Daniel Meuser,2,10.86081754,19.01903085
Rep. Daniel Webster,1,3.787044427,-11.42566693
Rep. Danny Davis,2,5.711574513,11.35276571
Rep. Darin LaHood,6,19.88855461,-12.0847943
Rep. Darrell Issa,1,2.959534796,-15.34957139
Rep. Darren Soto,2,9.081535549,8.371380296
Rep. Dave Camp,7,-33.24068762,-6.082469015
Rep. Dave Trott,6,23.35556123,-20.5533211
Rep. David “Dave” Brat,6,21.98544686,-20.67270507
Rep. David “Phil” Roe,1,3.894119505,-10.40139237
Rep. David Cicilline,2,5.136997178,11.95518239
Rep. David Curson,4,-30.25299231,18.74013181
Rep. David Dreier,7,-38.20860689,-8.294613795
Rep. David Jolly,6,14.14653035,-19.25131085
Rep. David Joyce,1,8.621191951,-10.87414045
Rep. David Kustoff,6,16.89356353,-6.885934769
Rep. David Loebsack,2,5.206810005,12.97295289
Rep. David McKinley,1,4.030431496,-10.52233986
Rep. David Price,2,4.401797165,11.65247018
Rep. David Reichert,1,2.8427231,-14.42503768
Rep. David Rivera,7,-38.16704633,-9.262550179
Rep. David Rouzer,6,21.16437722,-13.67913976
Rep. David Schweikert,1,3.984761781,-11.3132422
Rep. David Scott,2,5.547833678,12.30920299
Rep. David Trone,5,9.170171137,-4.26556136
Rep. David Valadao,1,8.403466832,-15.61006417
Rep. David Young,6,22.85446937,-19.03065508
Rep. Dean Phillips,5,8.987026197,-3.386926504
Rep. Debbie Dingell,2,12.91831526,10.0073839
Rep. Debbie Lesko,2,12.67513037,4.410633212
Rep. Debbie Mucarsel-Powell,5,8.615702451,-3.259208079
Rep. Debbie Wasserman Schultz,2,5.347874102,11.67035665
Rep. Debra Haaland,5,8.483383666,-3.933172867
Rep. Dennis “Denny” Rehberg,7,-38.15203821,-8.233614547
Rep. Dennis Cardoza,4,-27.45606198,12.95061573
Rep. Dennis Kucinich,4,-29.1228766,12.70400077
Rep. Dennis Ross,1,2.999947154,-15.72181804
Rep. Denny Heck,2,8.154842118,12.26389907
Rep. Denver Riggleman,2,10.60440175,19.8005382
Rep. Derek Kilmer,2,7.980221113,12.23163911
Rep. Devin Nunes,1,4.139198705,-11.10138476
Rep. Diana DeGette,2,5.032694981,12.02793818
Rep. Diane Black,1,1.210270645,-14.98191257
Rep. Dina Titus,2,7.854072488,12.34336239
Rep. Doc Hastings,7,-33.14510286,-6.192755423
Rep. Don Bacon,6,16.50244872,-6.625645323
Rep. Don Young,1,5.451512648,-10.25650487
Rep. Donald Beyer Jr.,2,13.73187794,10.52135661
Rep. Donald Manzullo,7,-38.31591909,-10.31557838
Rep. Donald McEachin,2,10.01877065,9.814031893
Rep. Donald Norcross,2,13.50367873,11.32841737
Rep. Donald Payne,4,-15.62868656,19.87574938
Rep. Donald Payne Jr.,2,6.107350721,11.51739734
Rep. Donna Edwards,3,-0.01326825446,17.64584792
Rep. Donna Shalala,5,8.583393841,-3.577504037
Rep. Doris Matsui,2,5.043995748,12.00084078
Rep. Doug Collins,1,8.379026356,-12.37109313
Rep. Doug LaMalfa,1,8.648736636,-11.53427804
Rep. Doug Lamborn,1,4.46099778,-12.07687624
Rep. Drew Ferguson IV,6,16.92114326,-7.627644434
Rep. Duncan Hunter,1,3.890181348,-13.32742498
Rep. Dusty Johnson,2,10.22445671,19.46654073
Rep. Dwight Evans,2,9.058352475,7.534789486
Rep. Earl “Buddy” Carter,6,20.82540204,-14.11601321
Rep. Earl Blumenauer,2,4.819277545,10.78395691
Rep. Ed Case,5,8.901066728,-3.070524199
Rep. Ed Pastor,4,-21.32857638,16.9602053
Rep. Ed Perlmutter,2,5.191568182,11.65119374
Rep. Ed Whitfield,0,-8.944296217,-13.75659631
Rep. Eddie Johnson,2,5.166998434,11.89123378
Rep. Edolphus “Ed” Towns,4,-23.31440871,16.89131214
Rep. Edward “Ed” Markey,4,-26.18455613,15.30775885
Rep. Edward “Ed” Royce,1,3.460264196,-14.48796158
Rep. Edward “Scott” Rigell,0,-4.713978654,-14.24093837
Rep. Elaine Luria,5,9.509310017,-2.505421596
Rep. Elijah Cummings,3,3.487141399,13.86682095
Rep. Eliot Engel,2,4.815720551,11.81226955
Rep. Elise Stefanik,6,20.84320162,-12.3778578
Rep. Elissa Slotkin,5,9.359981385,-2.043772403
Rep. Elizabeth Esty,3,7.523763682,19.61480324
Rep. Elton Gallegly,7,-38.64300592,-8.074836968
Rep. Emanuel Cleaver II,2,5.386420621,11.73343496
Rep. Eric “Rick” Crawford,1,4.028065046,-11.59630553
Rep. Eric Cantor,7,-32.89879941,-5.934320438
Rep. Eric Swalwell,2,7.20160753,12.49025479
Rep. Erik Paulsen,1,3.02301882,-14.81902397
Rep. Evan Jenkins,6,24.23255435,-21.62140698
Rep. Filemon Vela,2,8.812825186,12.38874989
Rep. Fortney “Pete” Stark,4,-27.23126484,12.63986705
Rep. Francis Rooney,6,18.19283369,-12.4446293
Rep. Francisco “Quico” Canseco,7,-38.67697718,-8.721485042
Rep. Frank Guinta,1,9.981678895,-19.13843842
Rep. Frank LoBiondo,1,2.9416707,-15.67133461
Rep. Frank Lucas,1,4.035550917,-11.30031663
Rep. Frank Pallone Jr.,2,4.775781374,11.82972312
Rep. Frank Wolf,7,-33.8255236,-6.546872094
Rep. Fred Keller,2,11.341985,20.18765003
Rep. Fred Upton,1,4.232036409,-10.34207716
Rep. Frederica Wilson,2,3.774131457,11.94013824
Rep. French Hill,6,20.85462634,-12.83991091
Rep. Gabrielle Giffords,3,6.003912654,53.20720659
Rep. Garland “Andy” Barr,1,8.384030069,-10.59840065
Rep. Garret Graves,6,20.85113837,-14.14023111
Rep. Gary Ackerman,4,-24.27352258,14.90566191
Rep. Gary Miller,7,-34.60086888,-6.988788217
Rep. Gary Palmer,6,21.10782016,-14.03363695
Rep. Gary Peters,4,-20.28041456,17.60847387
Rep. Gene Green,3,3.659821765,18.15770949
Rep. Geoff Davis,7,-42.06604641,-9.521416239
Rep. George “G.K.” Butterfield Jr.,2,5.573813561,11.71629393
Rep. George Holding,1,8.734058273,-12.41672704
Rep. George Miller,4,-21.30491438,16.90466357
Rep. Gerald Connolly,2,5.235399361,12.48260369
Rep. Gilbert Cisneros,5,8.764830981,-3.371891659
Rep. Glenn Grothman,6,21.3176606,-14.13692152
Rep. Glenn Thompson,1,4.205210717,-10.73844761
Rep. Gloria Negrete McLeod,4,-20.30775276,18.4117333
Rep. Grace Meng,2,8.202552186,11.68936242
Rep. Grace Napolitano,2,4.960706012,11.82546461
Rep. Greg Gianforte,6,15.56837309,-3.613666434
Rep. Greg Pence,2,10.8561323,18.22518082
Rep. Greg Stanton,5,8.746353684,-3.732841506
Rep. Greg Walden,1,4.002661892,-10.48786545
Rep. Gregg Harper,1,3.142311126,-14.56097816
Rep. Gregorio Sablan,2,42.90434128,12.89037846
Rep. Gregory Meeks,2,5.566872699,12.74789957
Rep. Gregory Murphy,2,11.38160571,23.03121165
Rep. Gregory Steube,2,11.50614686,19.71841695
Rep. Gus Bilirakis,1,3.977886828,-11.04901211
Rep. Guy Reschenthaler,2,10.84454888,18.90029468
Rep. Gwen Graham,3,27.25687139,20.05654245
Rep. Gwen Moore,2,4.31710673,11.158052
Rep. Hakeem Jeffries,2,7.112843001,11.6084757
Rep. Haley Stevens,5,8.716786981,-3.826107333
Rep. Hansen Clarke,4,-26.565151,16.2453137
Rep. Harley Rouda,5,8.886122454,-3.776141387
Rep. Harold “Hal” Rogers,1,3.831943912,-11.03631139
Rep. Heath Shuler,7,-35.47071397,-5.478917827
Rep. Henry “Hank” Johnson Jr.,2,4.732039369,11.39518346
Rep. Henry Cuellar,2,7.132097152,13.97295619
Rep. Henry Waxman,4,-21.46103427,17.69777955
Rep. Howard “Buck” McKeon,7,-33.64265947,-6.533248061
Rep. Howard Berman,4,-26.09054689,13.67797994
Rep. Howard Coble,7,-32.6294881,-6.830723152
Rep. Ileana Ros-Lehtinen,1,2.821655918,-15.54494482
Rep. Ilhan Omar,5,6.947584882,-4.281083242
Rep. Jack Bergman,6,16.52975699,-6.747605985
Rep. Jack Kingston,7,-33.40164529,-8.232384774
Rep. Jackie Speier,2,5.527850596,11.33447097
Rep. Jackie Walorski,1,8.236825405,-11.23684868
Rep. Jacky Rosen,2,13.15079016,24.0897141
Rep. Jahana Hayes,5,8.575209952,-3.941971027
Rep. Jaime Herrera Beutler,1,5.096301179,-11.50878345
Rep. James “Jim” Clyburn,2,5.085266893,12.71269167
Rep. James “Jim” Himes,2,5.355093871,12.38026229
Rep. James “Jim” Langevin,2,5.033216089,12.16987413
Rep. James “Jim” McGovern,2,4.716851613,11.64094258
Rep. James “Jim” Moran Jr.,4,-20.51004048,15.77725027
Rep. James Baird,2,10.01734123,18.34301482
Rep. James Comer,6,17.01201515,-8.099530009
Rep. James Lankford,7,-33.8929615,-6.849929048
Rep. James Renacci,1,2.983398183,-15.96214005
Rep. James Sensenbrenner Jr.,1,3.342080323,-12.84578028
Rep. Jamie Raskin,2,8.687205606,6.828271876
Rep. Janice “Jan” Schakowsky,2,4.453743743,11.81272673
Rep. Janice Hahn,3,-1.183025036,16.79149979
Rep. Jared Golden,5,9.688268124,-1.516210079
Rep. Jared Huffman,2,7.371523743,11.41818271
Rep. Jared Polis,3,3.750195557,19.62223236
Rep. Jason Altmire,4,-26.29004275,13.68219386
Rep. Jason Chaffetz,0,-2.372110718,-15.5346325
Rep. Jason Crow,5,8.708235846,-3.71624516
Rep. Jason Lewis,6,19.43221118,-17.67648595
Rep. Jason Smith,1,10.58230506,-11.90409491
Rep. Jay Inslee,4,-29.27086559,17.1578783
Rep. Jean Schmidt,7,-38.58448535,-9.836545991
Rep. Jeb Hensarling,1,3.450968683,-14.69755324
Rep. Jeff Denham,1,3.291469216,-15.43191943
Rep. Jeff Duncan,1,3.003537469,-13.47322904
Rep. Jeff Flake,7,-40.35029086,-12.64369639
Rep. Jeff Fortenberry,1,4.567867746,-10.71739591
Rep. Jeff Landry,7,-40.81930557,-14.10545572
Rep. Jeff Miller,0,-5.382427736,-14.47002664
Rep. Jefferson Van Drew,5,10.73372842,2.642718266
Rep. Jennifer Wexton,5,8.807428451,-3.861453223
Rep. Jerrold Nadler,2,5.351750675,11.85672264
Rep. Jerry Costello,4,-21.1283,16.15406175
Rep. Jerry Lewis,7,-37.82592581,-8.150041671
Rep. Jerry McNerney,2,4.438983366,11.88737211
Rep. Jesse Jackson Jr.,4,-27.22240647,16.33143969
Rep. Jesús “Chuy” García,5,8.248406424,-4.782413429
Rep. Jim Banks,6,16.83733867,-7.693130513
Rep. Jim Bridenstine,1,6.153069468,-17.063895
Rep. Jim Cooper,2,6.07174312,11.47855999
Rep. Jim Costa,2,6.14143728,8.779548033
Rep. Jim Gerlach,7,-33.91289333,-7.401236652
Rep. Jim Hagedorn,2,10.2592444,18.59765111
Rep. Jim Jordan,1,3.841932841,-12.43490726
Rep. Jim Matheson,4,-24.32041324,8.433125879
Rep. Jim McDermott,3,-0.1452185595,17.24307274
Rep. Jimmy Gomez,5,7.489759696,5.019973914
Rep. Jimmy Panetta,2,9.31489919,8.310988647
Rep. Jo Ann Emerson,7,-38.71936887,-8.678038678
Rep. Jo Bonner,7,-37.78781371,-10.03190968
Rep. Joaquin Castro,2,7.252198075,11.89683453
Rep. Jodey Arrington,6,17.35787764,-8.342026949
Rep. Jody Hice,6,21.28220065,-14.90649886
Rep. Joe Baca,4,-24.70422713,15.05744642
Rep. Joe Barton,1,4.582538448,-15.31081394
Rep. Joe Courtney,2,5.014260239,12.01691185
Rep. Joe Cunningham,5,10.22550573,-0.2890714272
Rep. Joe Donnelly,4,-28.94671943,4.595799022
Rep. Joe Garcia,4,-17.5455584,18.47732176
Rep. Joe Neguse,5,8.374673258,-4.216743765
Rep. Joe Walsh,7,-38.27092468,-9.896933316
Rep. Joe Wilson,1,4.14004341,-11.49070415
Rep. John “Jimmy” Duncan Jr.,1,3.026084192,-16.72704112
Rep. John Barrow,4,-18.79367358,18.41300737
Rep. John Boehner,3,12.29665713,22.35659998
Rep. John Campbell III,7,-34.18414589,-9.172965534
Rep. John Carney,3,-0.6307111127,16.45200101
Rep. John Carter,1,3.634537445,-11.75325782
Rep. John Conyers Jr.,3,1.049752059,17.89038999
Rep. John Culberson,1,5.143393929,-15.84891968
Rep. John Curtis,6,14.92683693,0.74804866
Rep. John Delaney,3,8.755441667,19.81405096
Rep. John Dingell,4,-21.49601497,17.25085467
Rep. John Faso,6,18.98073968,-16.93499434
Rep. John Fleming,0,-5.845112926,-14.8054029
Rep. John Garamendi,2,4.745804768,12.24119957
Rep. John Joyce,2,10.26805886,18.50704127
Rep. John Katko,6,20.66243663,-12.75264616
Rep. John Kline,0,-5.23039549,-13.47882833
Rep. John Larson,2,4.861671334,11.9017213
Rep. John Lewis,2,4.5603826,12.58722635
Rep. John Mica,0,-5.122032551,-13.71903115
Rep. John Moolenaar,6,20.82178177,-13.05160519
Rep. John Olver,4,-24.52224387,15.37346321
Rep. John Ratcliffe,6,22.2837644,-16.98136675
Rep. John Rose,2,10.07155846,18.14235027
Rep. John Rutherford,6,16.88473655,-7.091804473
Rep. John Sarbanes,2,4.83897146,11.78161805
Rep. John Shimkus,1,4.308095673,-11.1668393
Rep. John Sullivan,7,-38.58528216,-8.97085533
Rep. John Tierney,4,-20.28100462,18.03994647
Rep. John Yarmuth,2,5.542631033,11.72903641
Rep. Jon Runyan,7,-33.54464421,-6.675914757
Rep. José Serrano,2,5.019357732,12.26871736
Rep. Joseph “Joe” Crowley,3,2.608667558,19.25642093
Rep. Joseph Heck,0,-5.569942975,-14.01466978
Rep. Joseph Kennedy III,2,7.747635631,11.06962829
Rep. Joseph Morelle,5,8.121570035,-2.185758626
Rep. Joseph Pitts,0,-4.765587223,-13.33538063
Rep. Josh Gottheimer,2,11.88763476,7.65253478
Rep. Josh Harder,5,8.787856105,-3.220590045
Rep. Joyce Beatty,2,7.791647061,11.75750318
Rep. Juan Vargas,2,7.524531713,12.16590835
Rep. Judy Biggert,7,-38.86272411,-9.100595648
Rep. Judy Chu,2,4.625353273,11.61080955
Rep. Julia Brownley,2,7.74792307,12.21069801
Rep. Justin Amash,1,1.923061873,-19.96108167
Rep. Karen Bass,2,4.597935993,11.03678396
Rep. Karen Handel,6,18.35607438,-12.67789856
Rep. Katherine Clark,2,10.78513457,11.48149189
Rep. Kathleen Hochul,4,-27.03959206,11.50904339
Rep. Kathleen Rice,2,15.00757806,11.0528251
Rep. Kathy Castor,2,5.22775339,12.00281129
Rep. Katie Hill,5,10.28364327,-9.082763549
Rep. Katie Porter,5,8.92694388,-2.933624369
Rep. Kay Granger,1,3.988053687,-11.37059905
Rep. Keith Ellison,3,3.212352785,18.68639302
Rep. Keith Rothfus,1,8.065242682,-15.31335846
Rep. Kelly Armstrong,2,9.837316047,18.80725809
Rep. Ken Buck,6,21.99996797,-15.68081126
Rep. Ken Calvert,1,4.152925609,-10.98002537
Rep. Kendra Horn,5,10.128534,-1.434015203
Rep. Kenny Marchant,1,3.671554174,-13.75830945
Rep. Kerry Bentivolio,7,-31.25416715,-5.81477671
Rep. Kevin Brady,1,4.35550547,-11.14416695
Rep. Kevin Cramer,1,8.351846621,-16.30078989
Rep. Kevin Hern,2,9.439686638,15.36687596
Rep. Kevin McCarthy,1,4.158987068,-10.68008757
Rep. Kevin Yoder,1,2.936370652,-14.75754249
Rep. Kim Schrier,5,8.931597793,-3.741765294
Rep. Kristi Noem,1,3.264816451,-16.11298817
Rep. Kurt Schrader,2,5.910589195,12.92639191
Rep. Kwanza Hall,2,11.88682369,5.867205624
Rep. Kweisi Mfume,5,15.6690426,-0.2869062304
Rep. Kyrsten Sinema,3,9.976059775,12.34882565
Rep. Lacy Clay Jr.,2,4.860020368,11.94852184
Rep. Lamar Smith,1,2.864879192,-14.61173452
Rep. Lance Gooden,2,10.79632055,18.98940371
Rep. Larry Bucshon,1,4.151328505,-11.1345164
Rep. Larry Kissell,7,-32.78861886,1.524012718
Rep. Laura Richardson,4,-27.53930396,13.61275932
Rep. Lauren Underwood,5,8.818368704,-3.391400411
Rep. Lee Terry,7,-32.93100352,-5.916469106
Rep. Lee Zeldin,6,20.88501406,-13.44909174
Rep. Leonard Boswell,4,-25.91901734,13.78530324
Rep. Leonard Lance,1,3.072641571,-14.88246377
Rep. Linda Sánchez,2,4.71671065,11.77669709
Rep. Lisa Blunt Rochester,2,9.201515877,8.094333454
Rep. Liz Cheney,6,17.22066305,-7.361841195
Rep. Lizzie Fletcher,5,8.778264258,-4.426780518
Rep. Lloyd Doggett,2,4.956283987,11.81859883
Rep. Lloyd Smucker,6,17.04301934,-7.261028888
Rep. Lois Capps,3,-0.2801518178,17.59946472
Rep. Lois Frankel,2,7.972349385,12.2368168
Rep. Loretta Sanchez,3,-3.760274345,17.68794042
Rep. Lori Trahan,5,8.346115006,-3.890538643
Rep. Lou Barletta,1,2.670620354,-14.87119381
Rep. Louie Gohmert Jr.,1,4.160177584,-13.26938494
Rep. Louise Slaughter,3,3.627066699,19.15711799
Rep. Lucille Roybal-Allard,2,4.838208477,12.09206624
Rep. Lucy McBath,5,9.053195547,-2.996183424
Rep. Luis Correa,2,9.689647041,8.996492633
Rep. Luis Gutiérrez,3,4.295355896,19.77307283
Rep. Luke Messer,1,7.918954784,-16.02198779
Rep. Lynn Jenkins,1,3.104844074,-15.20548227
Rep. Lynn Westmoreland,0,-9.939634261,-15.15868873
Rep. Lynn Woolsey,4,-28.62347762,13.75599895
Rep. Mac Thornberry,1,3.869913852,-11.47908922
Rep. Madeleine Dean,5,8.997917364,-3.949866394
Rep. Marc Veasey,2,8.368901751,12.57657618
Rep. Marcia Fudge,2,4.630670113,11.81832061
Rep. Marcy Kaptur,2,5.023637985,11.77705621
Rep. Mario Diaz-Balart,1,4.264912973,-10.62949691
Rep. Mark Amodei,1,4.308680676,-11.0434634
Rep. Mark Critz,4,-23.7242937,15.38875944
Rep. Mark DeSaulnier,2,13.22187802,9.823341545
Rep. Mark Green,2,12.24302604,19.85881468
Rep. Mark Meadows,1,7.981407944,-12.90522079
Rep. Mark Pocan,2,7.295851479,10.70520726
Rep. Mark Takai,3,25.14503077,19.25142261
Rep. Mark Takano,2,7.272368428,11.52985422
Rep. Mark Walker,6,21.34698806,-14.94093781
Rep. Markwayne Mullin,1,8.709637286,-12.77017698
Rep. Marlin Stutzman,0,-6.284474349,-15.53426321
Rep. Marsha Blackburn,1,2.746773364,-16.35435525
Rep. Marshall “Mark” Sanford,1,9.987538174,-20.12842385
Rep. Martha McSally,6,23.27238521,-19.67427504
Rep. Martha Roby,1,4.044264717,-10.88405485
Rep. Martin Heinrich,4,-27.5673284,13.78001183
Rep. Mary Bono Mack,7,-38.84039715,-11.59751667
Rep. Mary Scanlon,5,8.082969099,-2.183387049
Rep. Matt Gaetz,6,17.2685218,-10.44249089
Rep. Matt Salmon,0,1.872052651,-15.55563729
Rep. Matthew “Matt” Cartwright,2,7.30728958,11.86077488
Rep. Maurice Hinchey,4,-28.59118002,14.81763144
Rep. Max Rose,5,9.639238058,-2.758186434
Rep. Maxine Waters,2,4.365185114,10.89494401
Rep. Mazie Hirono,4,-25.91289856,14.00036175
Rep. Melvin “Mel” Watt,4,-24.86804178,14.24070496
Rep. Mia Love,6,23.59151166,-20.60514322
Rep. Michael “Mike” Honda,3,0.4433995835,17.26543311
Rep. Michael “Mike” Simpson,1,4.463056749,-11.35542499
Rep. Michael Burgess,1,3.888747139,-11.88842599
Rep. Michael Capuano,3,2.944734584,19.22837187
Rep. Michael Cloud,2,10.63905553,9.594909645
Rep. Michael Conaway,1,4.241708048,-11.31328713
Rep. Michael Doyle,2,5.302924701,11.94286588
Rep. Michael Fitzpatrick,0,-5.696661599,-13.88387428
Rep. Michael Grimm,7,-33.59165807,-6.12312711
Rep. Michael Guest,2,10.21452619,19.53160539
Rep. Michael McCaul,1,3.97635104,-10.37507233
Rep. Michael Michaud,4,-23.32864079,15.67352418
Rep. Michael Turner,1,4.108415145,-10.7690728
Rep. Michael Waltz,2,10.86403574,18.02595153
Rep. Michele Bachmann,7,-33.54476206,-7.110990965
Rep. Michelle Lujan Grisham,3,7.336603177,20.11719838
Rep. Mick Mulvaney,0,-6.451836125,-15.89021415
Rep. Mike Bishop,6,23.39800622,-19.82616152
Rep. Mike Bost,6,20.98411606,-12.5342068
Rep. Mike Coffman,1,3.189054063,-14.63737166
Rep. Mike Gallagher,6,16.25864964,-7.011007313
Rep. Mike Garcia,3,17.29905022,26.86340353
Rep. Mike Johnson,6,17.04331111,-8.782059989
Rep. Mike Kelly,1,3.945274997,-11.00908351
Rep. Mike Levin,5,8.893545403,-3.711169516
Rep. Mike McIntyre,4,-24.37026517,7.481303867
Rep. Mike Pence,7,-39.13651154,-12.22982613
Rep. Mike Pompeo,0,-5.806159912,-13.59774949
Rep. Mike Quigley,2,5.467490094,12.3201205
Rep. Mike Rogers,0,-4.598634084,-10.09652401
Rep. Mike Ross,7,-32.09861901,3.602746664
Rep. Mike Thompson,2,5.091686346,11.98721953
Rep. Mikie Sherrill,5,8.788143668,-3.475055608
Rep. Mimi Walters,6,23.40340533,-20.44768294
Rep. Mo Brooks,1,3.501044745,-12.67389078
Rep. Morgan Griffith,1,3.584951581,-12.03670103
Rep. Nan Hayworth,7,-39.5700075,-9.31791663
Rep. Nancy Pelosi,3,3.218436903,19.5901322
Rep. Nanette Barragán,2,8.526069221,6.949630209
Rep. Neal Dunn,6,16.79687886,-8.444190559
Rep. Nick Rahall II,4,-20.67146377,15.88061099
Rep. Niki Tsongas,3,4.068273459,19.57564082
Rep. Nita Lowey,2,4.717676003,12.31044508
Rep. Norma Torres,2,13.82873912,10.35960515
Rep. Norman “Norm” Dicks,4,-25.88145679,13.94469714
Rep. Nydia Velázquez,2,5.149262677,11.70686926
Rep. Patrick “Pat” Tiberi,0,-0.3351561077,-16.82556668
Rep. Patrick McHenry,1,4.250835563,-11.31027542
Rep. Patrick Meehan,1,1.944617992,-15.27074527
Rep. Patrick Murphy,3,3.804490675,16.62605504
Rep. Paul Broun Jr.,7,-35.62061429,-8.913869016
Rep. Paul Cook,1,8.688228831,-11.21052777
Rep. Paul Gosar,1,4.688178247,-13.76946661
Rep. Paul Mitchell,6,17.07254401,-8.017407934
Rep. Paul Ryan,0,-16.67865296,-9.796613679
Rep. Paul Tonko,2,4.438730536,12.27659227
Rep. Pete Aguilar,2,14.10814691,10.9106952
Rep. Pete Gallego,4,-16.76743033,18.79056715
Rep. Pete Olson,1,4.034751276,-11.53038644
Rep. Pete Sessions,1,3.190819471,-14.74990958
Rep. Pete Stauber,2,10.70905129,18.93966509
Rep. Peter “Pete” King,1,4.033110288,-11.24597496
Rep. Peter DeFazio,2,4.383002911,12.30888267
Rep. Peter Roskam,1,2.60402637,-14.53817034
Rep. Peter Visclosky,2,5.493223638,12.73601687
Rep. Peter Welch,2,5.103723525,11.79510802
Rep. Phil Gingrey,7,-33.84748089,-8.22216239
Rep. Pramila Jayapal,5,8.392874303,6.41913614
Rep. Raja Krishnamoorthi,2,9.099677317,8.189067582
Rep. Ralph Abraham,6,21.73887459,-16.33497625
Rep. Ralph Hall,7,-34.07549869,-6.772760031
Rep. Ralph Norman,6,16.75500428,-5.039350735
Rep. Randy Forbes,0,-6.378022768,-14.03694316
Rep. Randy Hultgren,1,2.980295361,-15.95274927
Rep. Randy Neugebauer,0,-5.022022943,-14.29101265
Rep. Randy Weber Sr.,1,8.897230973,-12.87586905
Rep. Rashida Tlaib,5,7.623261484,-5.371638163
Rep. Raúl Grijalva,2,6.484681249,11.917692
Rep. Raúl Labrador,1,3.386192302,-17.37091838
Rep. Raul Ruiz,2,7.660890415,12.52978009
Rep. Reid Ribble,0,-5.850111999,-15.04770529
Rep. Renee Ellmers,0,-5.890864591,-13.53014776
Rep. Richard Hanna,0,-5.802684541,-15.39213458
Rep. Richard Hudson,1,8.279303435,-11.47034356
Rep. Richard Neal,2,5.59677026,11.78555439
Rep. Richard Nolan,3,7.287657803,19.87178098
Rep. Richard Nugent,0,-7.728453092,-14.08519905
Rep. Rick Allen,6,21.19297551,-13.47674716
Rep. Rick Berg,7,-38.2017164,-7.399934386
Rep. Rick Larsen,2,5.669025981,12.10397807
Rep. Ro Khanna,2,8.191147648,7.065003234
Rep. Rob Bishop,1,4.103670074,-11.15113539
Rep. Rob Woodall,1,4.150309757,-11.2834216
Rep. Robert “Bobby” Schilling,7,-37.33042752,-9.588132576
Rep. Robert “Bobby” Scott,2,4.86356977,11.57563206
Rep. Robert “Rob” Andrews,4,-22.77581142,16.5050108
Rep. Robert Aderholt,1,4.71363301,-11.64333762
Rep. Robert Brady,3,3.217363149,18.90433374
Rep. Robert Hurt,0,-4.965457534,-13.09112422
Rep. Robert Latta,1,3.855001705,-11.05473495
Rep. Robert Pittenger,1,8.354541929,-16.45755931
Rep. Robert Turner,7,-39.19984634,-9.373867642
Rep. Robert Wittman,1,3.745988109,-11.47061795
Rep. Robin Kelly,2,8.108231565,11.05799909
Rep. Rod Blum,6,23.37291584,-19.04392794
Rep. Rodney Alexander,7,-39.33773011,-10.87199062
Rep. Rodney Davis,1,8.981948229,-10.5155444
Rep. Rodney Frelinghuysen,1,3.150376636,-14.88201133
Rep. Roger Marshall,6,16.89353955,-7.559662586
Rep. Roger Williams,1,8.730671533,-11.55224579
Rep. Ron Barber,4,-23.53547032,9.175975292
Rep. Ron DeSantis,1,8.420966248,-17.10212051
Rep. Ron Estes,6,16.77758025,-4.637371531
Rep. Ron Kind,2,6.211809232,12.4346704
Rep. Ron Wright,2,10.86430924,19.48853634
Rep. Ronald “Ron” Paul,7,-47.18991853,-21.86918309
Rep. Rosa DeLauro,2,4.505751876,11.59904155
Rep. Roscoe Bartlett,7,-39.67404132,-11.53600744
Rep. Ross Spano,2,9.526136735,17.51890699
Rep. Ruben Gallego,2,13.08630117,9.734993292
Rep. Rubén Hinojosa,3,-0.1339306293,18.2541649
Rep. Ruben Kihuen,2,9.755638659,22.85211569
Rep. Rush Holt,4,-22.22299606,17.65132299
Rep. Russ Carnahan,4,-25.97267607,15.62004867
Rep. Russ Fulcher,2,9.683375291,18.701328
Rep. Ryan Costello,6,23.19245201,-20.1871408
Rep. Ryan Zinke,6,27.80797746,-22.50955297
Rep. Salud Carbajal,2,9.523829998,8.428812684
Rep. Sam Farr,3,0.8916113826,17.6685798
Rep. Sam Graves,1,3.511001559,-11.4857674
Rep. Sam Johnson,1,2.302659955,-14.8401654
Rep. Sander Levin,3,2.939183891,18.87600743
Rep. Sandy Adams,7,-38.98377287,-9.201478913
Rep. Sanford Bishop Jr.,2,6.659160043,12.5706129
Rep. Scott DesJarlais,1,4.602883138,-12.23005413
Rep. Scott Garrett,0,-5.920216701,-14.39047379
Rep. Scott Perry,1,8.509516858,-12.35113062
Rep. Scott Peters,2,7.984476458,12.56109565
Rep. Scott Taylor,6,19.30657931,-17.45508307
Rep. Scott Tipton,1,3.968512075,-11.45247254
Rep. Sean Casten,5,8.710875597,-3.994767894
Rep. Sean Duffy,1,3.976978473,-13.45045773
Rep. Sean Maloney,2,8.287970383,13.06115957
Rep. Seth Moulton,2,14.4621835,10.96704738
Rep. Sharice Davids,5,9.367264162,-3.377068302
Rep. Sheila Jackson Lee,2,4.586154454,11.87171066
Rep. Shelley Berkley,4,-25.76587049,15.63957054
Rep. Shelley Capito,7,-33.07130772,-6.24082754
Rep. Silvestre Reyes,4,-26.3166087,14.15952114
Rep. Spencer Bachus III,7,-33.11381893,-5.880097172
Rep. Steny Hoyer,2,4.817272381,11.9623648
Rep. Stephanie Murphy,2,11.09213785,7.830506477
Rep. Stephen Fincher,0,-10.57024393,-14.94404452
Rep. Stephen Lynch,2,5.927167803,12.06192096
Rep. Stevan “Steve” Pearce,1,2.515106261,-15.26812903
Rep. Steve Austria,7,-37.44720398,-10.62103364
Rep. Steve Chabot,1,3.978519233,-11.18658117
Rep. Steve Cohen,2,5.179641112,12.07327455
Rep. Steve Daines,7,-31.07568364,-4.92474402
Rep. Steve Israel,3,-0.5502182828,17.59947671
Rep. Steve King,1,4.16609412,-11.89798269
Rep. Steve Knight,6,23.03708883,-19.66655047
Rep. Steve Russell,6,23.60089014,-20.56630668
Rep. Steve Scalise,1,3.067891458,-10.66072243
Rep. Steve Southerland,7,-33.37516616,-6.251774094
Rep. Steve Stivers,1,3.906185066,-11.25334523
Rep. Steve Stockman,7,-31.86950255,-7.830822509
Rep. Steve Womack,1,4.029340555,-10.83089361
Rep. Steven Horsford,2,-0.9715281883,4.333425489
Rep. Steven LaTourette,7,-41.43173906,-11.28553558
Rep. Steven Palazzo,1,3.864755521,-11.50021451
Rep. Steven Rothman,4,-24.77646887,15.00592886
Rep. Steven Watkins,2,10.11628492,18.77435908
Rep. Sue Myrick,7,-38.442748,-9.069224972
Rep. Susan Brooks,1,8.722687165,-10.96375165
Rep. Susan Davis,2,5.38780287,12.01798308
Rep. Susan Wild,5,8.198572645,-1.569955537
Rep. Susie Lee,5,8.771564858,-3.44260053
Rep. Suzan DelBene,2,6.977650357,12.24042433
Rep. Suzanne Bonamici,2,4.579810553,11.71341235
Rep. Sylvia Garcia,5,8.788270692,-3.825046846
Rep. Tammy Baldwin,4,-27.15876267,14.78216575
Rep. Tammy Duckworth,3,3.079733433,15.77620811
Rep. Ted Budd,6,16.84826739,-9.015353646
Rep. Ted Lieu,2,12.84839468,9.513179566
Rep. Ted Poe,1,2.040329794,-16.85254234
Rep. Ted Yoho,1,8.719985563,-13.33039331
Rep. Terri Sewell,2,5.466372725,12.65780952
Rep. Thaddeus “Thad” McCotter,7,-43.1945653,-12.96732552
Rep. Theodore “Ted” Deutch,2,5.255973691,12.09198615
Rep. Thomas “Tom” Petri,7,-33.55402082,-6.772916351
Rep. Thomas Garrett,6,20.38153043,-18.34211364
Rep. Thomas Massie,1,7.094560916,-18.02109482
Rep. Thomas Rooney,1,2.415859237,-15.69783246
Rep. Thomas Suozzi,2,10.21685721,7.612395953
Rep. Thomas Tiffany,3,15.78012102,27.77784473
Rep. Tim Burchett,2,11.58632861,20.24101325
Rep. Tim Griffin,7,-32.82627842,-6.453205843
Rep. Tim Holden,4,-23.85387061,16.32947203
Rep. Tim Huelskamp,0,-6.183595958,-15.08920654
Rep. Tim Murphy,0,-0.72169722,-15.69019609
Rep. Tim Ryan,2,4.652500074,13.36538651
Rep. Tim Scott,7,-38.64093812,-9.463133046
Rep. Tim Walberg,1,4.415561916,-11.03097865
Rep. Timothy Bishop,4,-20.96874039,16.69139006
Rep. Timothy Johnson,7,-41.59779618,-17.72161396
Rep. Timothy Walz,3,2.420710637,18.28366857
Rep. TJ Cox,5,8.853091142,-3.896657451
Rep. Todd Akin,7,-41.32448262,-9.834377586
Rep. Todd Platts,7,-37.67500858,-8.904229271
Rep. Todd Rokita,1,3.11735361,-14.95964394
Rep. Todd Young,0,-5.676090374,-13.44483321
Rep. Tom Cole,1,4.146784388,-10.68095488
Rep. Tom Cotton,7,-31.11553963,-5.701589206
Rep. Tom Emmer,6,20.82527682,-13.84461151
Rep. Tom Graves,1,4.083443107,-12.39221184
Rep. Tom Latham,7,-32.88457824,-5.779537508
Rep. Tom MacArthur,6,22.75603853,-19.38458758
Rep. Tom Malinowski,5,8.853123486,-3.024757004
Rep. Tom Marino,1,3.501215947,-14.45856614
Rep. Tom McClintock,1,3.981439297,-13.05355497
Rep. Tom O’Halleran,2,10.92531622,7.83893429
Rep. Tom Price,0,-5.923931479,-14.2326399
Rep. Tom Reed,1,4.604308963,-10.62866349
Rep. Tom Rice,1,9.094349247,-12.0293559
Rep. Tony Cárdenas,2,8.061793469,12.01684529
Rep. Trent Franks,1,-0.1463845833,-16.63204666
Rep. Trent Kelly,6,20.73616431,-12.80716824
Rep. Trey Gowdy,1,3.372687625,-15.97224754
Rep. Trey Hollingsworth,6,16.22562955,-7.786206637
Rep. Trey Radel,7,-33.49123958,-7.306445093
Rep. Troy Balderson,2,9.898302242,13.58002529
Rep. Tulsi Gabbard,2,8.056281505,12.61330283
Rep. Val Demings,2,8.616740895,8.012868689
Rep. Van Taylor,2,10.84262198,20.35577969
Rep. Vance McAllister,7,-28.15762512,-3.109334799
Rep. Vern Buchanan,1,4.241073393,-11.49776751
Rep. Veronica Escobar,5,8.995145899,-3.633929154
Rep. Vicente Gonzalez,2,9.552910827,8.699577996
Rep. Vicky Hartzler,1,4.078402297,-11.27760149
Rep. Virginia Foxx,1,3.848785596,-11.59473184
Rep. W. Bill Young,7,-37.1713044,-10.28637445
Rep. Walter “Wally” Herger,7,-40.5342338,-9.34494255
Rep. Walter Jones Jr.,1,1.873660424,-16.06029709
Rep. Warren Davidson,6,19.50244212,-11.41669289
Rep. Will Hurd,6,20.85029221,-11.92196898
Rep. William Enyart,4,-20.24837127,16.08480515
Rep. William Keating,2,5.248848171,12.25905472
Rep. William Owens,4,-22.64409683,12.25907099
Rep. William Timmons,2,9.589970302,18.35690678
Rep. Xavier Becerra,3,-0.5250616188,17.59261146
Rep. Xochitl Torres Small,5,9.427653845,-1.949935506
Rep. Yvette Clarke,2,4.850309735,12.11016277
Rep. Zoe Lofgren,2,4.69164614,11.65171497
Vice President Mike Pence,3,49.92848003,55.47745433
